product,name,image
브로컬리,국산 브로콜리,http://www.chungjungone.com/upload/knowhow/table/20190327_125740808_49777.jpg
브로컬리,조각 브로콜리,http://www.chungjungone.com/upload/knowhow/table/20190327_125740808_49777.jpg
브로컬리,이유식 재료 친환경 브로콜리,http://www.chungjungone.com/upload/knowhow/table/20190327_125740808_49777.jpg
쌈채소,GAP 밀양 깻잎,http://www.chungjungone.com/upload/knowhow/table/20190327_125740808_49777.jpg
쌈채소,손질 쌈배추,http://www.chungjungone.com/upload/knowhow/table/20190327_125740808_49777.jpg
쌈채소,상추&깻잎 간편쌈,http://www.chungjungone.com/upload/knowhow/table/20190327_125740808_49777.jpg
간편채소,친환경 와일드 루꼴라,http://www.chungjungone.com/upload/knowhow/table/20190327_125740808_49777.jpg
간편채소,친환경 채소믹스,http://www.chungjungone.com/upload/knowhow/table/20190327_125740808_49777.jpg
간편채소,유키농 케일(즙용),http://www.chungjungone.com/upload/knowhow/table/20190327_125740808_49777.jpg
닭가슴살,[하림]냉장 닭가슴살,http://www.chungjungone.com/upload/knowhow/table/20190327_125740808_49777.jpg
닭가슴살,[Better me]닭가슴살 큐브,http://www.chungjungone.com/upload/knowhow/table/20190327_125740808_49777.jpg
닭가슴살,[탄단지]통 닭가슴살,http://www.chungjungone.com/upload/knowhow/table/20190327_125740808_49777.jpg
오늘의 샐러드,스테이크 샐러드,http://www.chungjungone.com/upload/knowhow/table/20190327_125740808_49777.jpg
오늘의 샐러드,파스타 샐러드,http://www.chungjungone.com/upload/knowhow/table/20190327_125740808_49777.jpg
오늘의 샐러드,토마토 샐러드,http://www.chungjungone.com/upload/knowhow/table/20190327_125740808_49777.jpg
야채샐러드,브로콜리 샐러드,http://www.chungjungone.com/upload/knowhow/table/20190327_125740808_49777.jpg
야채샐러드,브로콜리 샐러드,http://www.chungjungone.com/upload/knowhow/table/20190327_125740808_49777.jpg
야채샐러드,양배추 샐러드,http://www.chungjungone.com/upload/knowhow/table/20190327_125740808_49777.jpg
제철과일,GAP 미니 만년설 딸기,http://www.chungjungone.com/upload/knowhow/table/20190327_125740808_49777.jpg
제철과일,새콜달콤 당도선별 제주감귤,http://www.chungjungone.com/upload/knowhow/table/20190327_125740808_49777.jpg
제철과일,향기가득 샤인머스켓,http://www.chungjungone.com/upload/knowhow/table/20190327_125740808_49777.jpg
국산과일,[제스프리]제주 골드키위,http://www.chungjungone.com/upload/knowhow/table/20190327_125740808_49777.jpg
국산과일,칼집 군밤용 처음밤,http://www.chungjungone.com/upload/knowhow/table/20190327_125740808_49777.jpg
국산과일,샤인마토,http://www.chungjungone.com/upload/knowhow/table/20190327_125740808_49777.jpg
수입과일,[만나]칠레산 생체리,http://www.chungjungone.com/upload/knowhow/table/20190327_125740808_49777.jpg
수입과일,애플청포도,http://www.chungjungone.com/upload/knowhow/table/20190327_125740808_49777.jpg
수입과일,[Dole]유기농 바나나,http://www.chungjungone.com/upload/knowhow/table/20190327_125740808_49777.jpg
선식,[플라하반]유기농 오트밀,http://www.chungjungone.com/upload/knowhow/table/20190327_125740808_49777.jpg
선식,[심플잇]오트면 충분해,http://www.chungjungone.com/upload/knowhow/table/20190327_125740808_49777.jpg
선식,[엄마의정성]구수해 누룽지,http://www.chungjungone.com/upload/knowhow/table/20190327_125740808_49777.jpg
샌드위치,[홍루이젠]대만 샌드위치,http://www.chungjungone.com/upload/knowhow/table/20190327_125740808_49777.jpg
샌드위치,[그린밤]샐러드 샌드위치,http://www.chungjungone.com/upload/knowhow/table/20190327_125740808_49777.jpg
샌드위치,[홍루이젠]에그마요 샌드위치,http://www.chungjungone.com/upload/knowhow/table/20190327_125740808_49777.jpg
시리얼,[그라놀로지] 그래놀라,http://www.chungjungone.com/upload/knowhow/table/20190327_125740808_49777.jpg
시리얼,[켈로그]첵스 초코,http://www.chungjungone.com/upload/knowhow/table/20190327_125740808_49777.jpg
시리얼,[켈로그]콘푸로스트,http://www.chungjungone.com/upload/knowhow/table/20190327_125740808_49777.jpg
